Appliances,BathroomsFull,BathroomsHalf,Bedrooms,DateListed,Description,MlsId,MlsName,Price,Rooms,StreetAddress
"[u'Range Hood', u'RangeOven']",,,4,2016-01-07 00:00:00,"Meticulously maintained historic 5-acre horse ranch nestled in the wine country of the Santa Ynez Valley combines exquisite craftsmanship with an artful blend of rustic wood, warm stone, and bronze to",16968013,CLAW,2879000,"[u'bedrooms', u'bathrooms']",828 BALLARD CANYON RD
[],,,0,2016-01-13 00:00:00,"Amazing white water, ocean view lot in gated community. Very private road. Multi-Million dollar homes on street. Gorgeous coastline Views. Huge up-side for the right buyer. Per Seller - Home may have ",16970717,CLAW,599000,[],5880 Foxview DR
"[u'Built-In BBQ', u'Microwave', u'RangeOven', u'Cooktop - Gas', u'Double Oven']",,,5,2016-01-20 00:00:00,"New Construction Point Dume Rental with coveted Beach Rights available immediately. This amazing, designer perfect, super private/secure home comes fully furnished and is available immediately. Book m",16970871,CLAW,45000,"[u'bedrooms', u'bathrooms']",6692 WILDLIFE RD
"[u'RangeOven', u'Range Hood']",,,6,2016-02-04 00:00:00,"Unbelievable custom home in the hills of La Canada Flintridge! The home sits peacefully on a multi-level 40,000+ square foot lot and is extremely private with beautiful views of the mountains. Enterta",316000525,ITECH,4699999,"[u'bedrooms', u'bathrooms']",845 Highland Drive
"[u'Built-Ins', u'Microwave', u'RangeOven']",,,3,2016-03-16 00:00:00,Gorgeous oceanfront home with views to Point Dume and direct beach access. This beach house is ideal for entertaining with a kitchen open to a great room and ocean front deck. Possible fourth bedroom ,16106762,CLAW,25000,"[u'bedrooms', u'bathrooms']",27086 MALIBU COVE COLONY DR
"[u'Built-Ins', u'Microwave', u'Built-In Gas', u'Cooktop - Gas', u'Double Oven', u'Range Hood']",,,2,2016-03-25 00:00:00,"his designer, custom architectural remodel on the charming Breeze walk-street is the epitome of luxurious and efficient living. Walls of warm reclaimed wood line the architectural interior, while expa",16109128,CLAW,6500,"[u'bedrooms', u'bathrooms']",36 BREEZE AVE
"[u'Built-Ins', u'Range Hood', u'RangeOven']",,,3,2016-04-12 00:00:00,"Welcome to an oasis over looking the Pacific Ocean, where crashing waves and vivid sunsets create the quintessential Beach living environment. The controlled access exterior entry sets the tone for th",16114818,CLAW,5800000,"[u'bedrooms', u'bathrooms']",31652 BROAD BEACH RD
[],,,3,2016-04-13 00:00:00,"Beautiful traditional Spanish in the heart of Westwood! Charming original details include high, vaulted ceilings in living room, cozy wood-burning fireplace, arched doorways, shelving alcoves, painted",16115130,CLAW,5499,"[u'bedrooms', u'bathrooms']",1912 KELTON AVE
[],,,0,2016-04-14 00:00:00,"NEW PROJECT - SHOVEL READY. *NOTE* This project has Ready To Issue (RTI) PERMITS because the Design Review Board has approved this development, for the Mulholland Scenic Parkway Corridor, in addition ",16115640,CLAW,798000,[],11258 Laurie Drive
"[u'Built-In BBQ', u'RangeOven']",,,5,2016-04-25 00:00:00,"Beautiful estate with panoramic ocean views located in the gated community of Ramirez Canyon. This 5 bed, 5 bath features an open floor plan with natural light and stunning ocean & mountain views thro",16118008,CLAW,6995000,"[u'bedrooms', u'bathrooms']",28011 PAQUET PL
"[u'Built-In Gas', u'RangeOven']",,,6,2016-05-05 00:00:00,Absolutely exquisite Spanish Colonial Revival Estate located in the heart of Flintridge. Former Showcase House magnificently situated on almost 2 flat acres of private park-like grounds with multiple ,316004149,ITECH,6495000,"[u'bedrooms', u'bathrooms']",887 Flintridge Avenue
[],,,3,2016-05-06 00:00:00,A prime flat ~1.5 acre lot w/ a unique use of modern finishes & innovative design by Vitus Matare. This private gated single story marvel is adorned w/ mature trees ranging from avocados to evergreens,16122648,CLAW,6649000,"[u'bedrooms', u'bathrooms']",6237 BONSALL DR
"[u'Built-In BBQ', u'Built-Ins', u'Microwave', u'RangeOven']",,,6,2016-05-16 00:00:00,"Unlike any other luxury opportunity, this beautiful Malibu compound offers a flat acre w/ over 120' of beach frontage; a lot depth extending 400'! A gated entrance, simple yet dignified, opens to a 2-",16125100,CLAW,150000,"[u'bedrooms', u'bathrooms']",0 BROAD BEACH RD
[],,,4,2016-05-26 00:00:00,"Nestled in the heart of the Santa Monica Mountains, this serene setting invites you to hike, climb, or horseback ride throughout the day, then relax to the sounds of nature narrating the clear stellar",16129206,CLAW,5975,"[u'bedrooms', u'bathrooms']",31341 BIRDELLA RD
[],,,0,2016-06-02 00:00:00,Build your Malibu dream home! Flat lot on almost one-half acre with pristine ocean views on the ocean side of PCH. Gated and private building site including deeded beach rights to one of the most beau,16130744,CLAW,2450000,[],32036 PACIFIC COAST HWY
[],,,0,2016-06-05 00:00:00,This approx: 59 ACRE DEVELOPMENT SITE consists of SIX vacant lots. These lots sit on the back and the front side of a hill with a fire road running across the top part of the hill. The largest lot whi,16132084,CLAW,2888000,[],888 Blackmore DR
"[u'Built-In BBQ', u'Microwave', u'RangeOven']",,,3,2016-06-06 00:00:00,Rare 98ft Ocean Front Classic Beauty reminiscent of glamorous days from a bygone era. Magnanimous rms paneled & floored w/ rain forest woods ooze casual elegance ala the Titanic. From the street you'l,16132158,CLAW,27500,"[u'bedrooms', u'bathrooms']",19252 PACIFIC COAST HWY
[],,,0,2016-06-11 00:00:00,"High up in the Hollywood Hills, are 6 contiguous flat lots with Double Sided views, totaling approx: 17,400 SF. All 6 lots have superb views of both the City of Los Angeles AND Trousdale Estates. APN ",16134056,CLAW,1498000,[],9229 Crescent Drive
[],,,0,2016-06-14 00:00:00,"COMPOUND OPPORTUNITY HIDDEN IN PLAIN SIGHT.10 contiguous VACANT LOTS ONLY, (there is NO house) currently on this property totaling approx: 2.5 acres which includes an APPROX: 18,000 SF flat pad. Once ",16134704,CLAW,1298000,[],2401 Laurel Canyon Boulevard
[],,,0,2016-06-14 00:00:00,"RESIDENTIAL DEVELOPMENT SITE: Consisting of 10 vacant lots on approx: 32 acres, with several BIG FLAT PADS and SWEEPING VALLEY VIEWS of San Fernando Valley, Warner Center and the Mountains. Reports ar",16134756,CLAW,1298000,[],24808 Woolsey Canyon RD
"[u'Range Hood', u'Microwave', u'Cooktop - Gas', u'Oven-Gas']",,,2,2016-06-16 00:00:00,"Location, location, location! Charming Mediterranean style home in the highly desirable Santa Monica Canyon. This home is customized throughout with a gourmet cooks kitchen with imported Italian grani",16134906,CLAW,1749000,"[u'bedrooms', u'bathrooms']",386 ENTRADA DR
"[u'Built-Ins', u'Range Hood', u'RangeOven']",,,3,2016-06-16 00:00:00,"Perched above a cul-de-sac in the Hollywood Hills, this Dramatic newly constructed home is of the highest quality. Steel, concrete and glass with a clean modern aesthetic and a bright inviting atmosph",16135516,CLAW,2195000,"[u'bedrooms', u'bathrooms']",7350 PACIFIC VIEW DR
"[u'Range Hood', u'Microwave']",,,2,2016-06-22 00:00:00,"Location,location,location. Located on one of BH's premier streets San Ysidro, this home is waiting for its next homeowner to put their magical touch on it. This home has 2 beds and 2 baths with an op",16137056,CLAW,2035000,"[u'bedrooms', u'bathrooms']",1422 SAN YSIDRO DR
[],,,4,2016-06-22 00:00:00,"Meticulously maintained light-filled townhouse in the Altos Arroyo complex is looking for its next owner. Main floor features hardwood flooring throughout, living room with vaulted ceilings and firepl",316005809,ITECH,919000,"[u'bedrooms', u'bathrooms']",64 North Arroyo Boulevard
"[u'Double Oven', u'Gas']",,,4,2016-06-22 00:00:00,"Located on a quiet street in the desirable San Marino neighborhood, is this charming and cheerful traditional. It boasts 3 beds and 3 baths downstairs, and a private bedroom suite upstairs. Inviting c",316005875,ITECH,2700000,"[u'bedrooms', u'bathrooms']",899 Winston Avenue
"[u'Built-In BBQ', u'RangeOven']",,,4,2016-06-24 00:00:00,This beautiful 4 bedroom/4.5 bath is situated on approximately 1 acre with phenomenal mountain views in a tranquil setting and located in a gated community. The home offers a gourmet kitchen with gran,16137086,CLAW,3195000,"[u'bedrooms', u'bathrooms']",6225 GAYTON PL
[],,,6,2016-07-04 00:00:00,Incredible opportunity! Absolute Best VALUE above the Blvd with SPECTACULAR VIEWS!! Stunning custom contemporary view home situated on one of the premier streets in Los Feliz. An architectural gem whi,316006255,ITECH,2488000,"[u'bedrooms', u'bathrooms']",2806 Glendower Avenue
"[u'Built-In BBQ', u'Built-Ins', u'RangeOven']",,,5,2016-07-06 00:00:00,"NEWLY PRICED TO SELL! Iconic Malibu living abounds in this architectural oasis atop a generous 4.25 acres within the exclusive Serra Retreat. Recently updated by a celebrated designer, the home offers",16136820,CLAW,17500000,"[u'bedrooms', u'bathrooms']",3464 SWEETWATER MESA RD
"[u'Built-In BBQ', u'Built-Ins', u'Range Hood', u'Microwave', u'RangeOven']",,,5,2016-07-06 00:00:00,"Designed by renowned architect Walter Scott Perry in the classic modern Bauhaus tradition, this newly remodeled, 5 bedroom & 6 bathroom contemporary home is sited on a serene, half-acre knoll in Bel A",16141262,CLAW,34999,"[u'bedrooms', u'bathrooms']",1116 LINDA FLORA DR
[u'Built-In BBQ'],,,3,2016-07-11 00:00:00,"An hour outside of Los Angles with country and ocean views of Ojai sits Flying D Ranch. The ultimate ranch - surrounded by a seasonal creek and expansive terrain. Consisting of 1,281 acres and 7 parce",16142180,CLAW,20000000,"[u'bedrooms', u'bathrooms']",2317 Dickenson RD
[u'RangeOven'],,,3,2016-07-15 00:00:00,"Tranquility awaits at this 1935 Traditional hillside retreat in the coveted Los Feliz Oaks. Tucked away in a quiet cul-de-sac, this home boasts a dramatic living room with beamed ceilings, a decorativ",16133142,CLAW,1699000,"[u'bedrooms', u'bathrooms']",1970 N GRAMERCY PL
"[u'Built-Ins', u'Oven', u'RangeOven']",,,6,2016-07-15 00:00:00,"Mid Century 1970's iconic Charles Wong designed South Pasadena home, filled with original character and charm, situated on a corner lot atop of Via del Rey, overlooking Pasadena, the Rose Bowl and a g",316006132,ITECH,1988000,"[u'bedrooms', u'bathrooms']",1401 Via Del Rey
"[u'Built-Ins', u'Range Hood', u'Microwave', u'RangeOven']",,,6,2016-07-18 00:00:00,"CENT'ANNI Estate is an alluring 20 acre property amidst the picturesque countryside of Santa Ynez in the secluded, idyllic setting of Los Olivos. This is a once in a lifetime opportunity to acquire a ",16144050,CLAW,5495000,"[u'bedrooms', u'bathrooms']",2600 Canada Este RD
[u'Built-In Gas'],,,3,2016-07-21 00:00:00,"MOTIVATED SELLER! BRING US AN OFFER!! Perfectly situated between the Wilshire Country Club and the Los Angeles Tennis Club, come see this charming Spanish 3-bedroom house with central air and incredib",16142204,CLAW,1399000,"[u'bedrooms', u'bathrooms']",514 LILLIAN WAY
[],,,7,2016-07-21 00:00:00,"Incredible opportunity to own this classic French Revival sitting on over 11,000 square feet of beach front land right in the middle of Santa Monica's famed Gold Coast. With 59 feet of beachfront, it ",16145020,CLAW,10500000,"[u'bedrooms', u'bathrooms']",602 PALISADES BEACH RD
[],,,2,2016-07-22 00:00:00,"Amazing investor opportunity in hot, hot Highland Park. This is a Probate sale that requires court confirmation. Cash buyers only. Executor asks that you do not walk on property. No open houses, no sh",16146358,CLAW,468300,"[u'bedrooms', u'bathrooms']",4906 MENDOTA AVE
"[u'Built-In BBQ', u'Range Hood', u'Microwave', u'RangeOven']",,,6,2016-07-29 00:00:00,"Perched atop a secluded promontory, this inspired contemporary compound is located within the exclusive gated community of Medea Valley Estates, optimally positioned between Malibu and Agoura Hills. O",16148546,CLAW,2688000,"[u'bedrooms', u'bathrooms']",29220 WAGON RD
[],,,4,2016-07-29 00:00:00,Quintessential Cape Cod style home located in a prime area of La Canada Flintridge. Fantastic family floor plan with sunlight-filled rooms throughout which flow seamlessly to an inviting veranda and e,316007195,ITECH,1848000,"[u'bedrooms', u'bathrooms']",5215 Vista Miguel Drive
[u'Built-In Gas'],,,4,2016-08-03 00:00:00,"Special two-story Spanish Colonial Revival featuring Andalusian architectural details. Separate single-story wing dedicated to large living room with vaulted ceiling supported by trussed wooden beams,",316007323,ITECH,1450000,"[u'bedrooms', u'bathrooms']",470 South Santa Anita Avenue
"[u'Range Hood', u'Microwave']",,,3,2016-08-05 00:00:00,"This sleek and sexy beach house is located on a private guard-gated lane in the center of Malibu. Upon entry, the home immediately introduces you to the Pacific Ocean with a two story entry, walls of ",16150318,CLAW,20000,"[u'bedrooms', u'bathrooms']",27112 MALIBU COVE COLONY DR
"[u'Built-Ins', u'Microwave', u'RangeOven']",,,4,2016-08-05 00:00:00,"Spectacular Contemporary with dramatic and architectural details. Exquisitely updated with fine attention to detail. Ocean view from most rooms, yard and decks. Gorgeous living/media room with bar are",16150758,CLAW,10815,"[u'bedrooms', u'bathrooms']",181 SURFVIEW DR
[],,,6,2016-08-09 00:00:00,Beautiful architectural home with stunning 180 degree views from downtown to the ocean. This 6 bedroom 4.5 bath is tucked behind the highly desirable gates of the exclusive Laughlin Park Community. Th,16150280,CLAW,5540000,"[u'bedrooms', u'bathrooms']",1961 DE MILLE DR
[u'RangeOven'],,,1,2016-08-10 00:00:00,"This charming, fully furnished 1 bedroom, 1 bath cottage sits on the grounds originally developed in the 1930's known as The Malibu Lodge. Truly a special property, across the street from Las Tunas St",16151674,CLAW,3500,"[u'bedrooms', u'bathrooms']",19355 PACIFIC COAST HWY
"[u'Built-In BBQ', u'Built-Ins', u'Range Hood', u'Microwave', u'RangeOven', u'Convection Oven', u'Cooktop - Gas', u'Double Oven', u'Gas', u'Oven-Gas']",,,7,2016-08-11 00:00:00,"Designed by noted architect Gus Duffy and situated on approx 3/4's of an acre, this resort like estate defines the meaning of ""compound"". The Casa: Is a single story 4+3.5 home, beautiful in rich wood",16151208,CLAW,3495000,"[u'bedrooms', u'bathrooms']",4960 VANALDEN AVE
[u'Built-Ins'],,,1,2016-08-15 00:00:00,"Hollywood Versailles Towers at it's best! Come see this hip, designer perfect condo in the fabulous, full-service building on Hollywood Boulevard! Bring your toothbrush and move in! This condo has a f",16153228,CLAW,650000,"[u'bedrooms', u'bathrooms']",7135 HOLLYWOOD
"[u'Built-In Electric', u'Microwave']",,,3,2016-08-15 11:31:13,"Quaint Sierra Madre Traditional corner lot home on cul-de-sac street. Wonderful open and bright floor plan with 3 bedrooms, 2 bathrooms, and spacious family room that opens to the back yard. This home",316007701,ITECH,879000,"[u'bedrooms', u'bathrooms']",82 Monterey Lane
[u'Gas'],,,5,2016-08-19 00:00:00,"Beautifully remodeled five bedroom, three bath home located south of the Blvd. This home exemplifies an ideal open floorplan, soaring ceilings & an abundance of natural light. Features include a cooks",316007842,ITECH,799000,"[u'bedrooms', u'bathrooms']",21552 Yucatan Avenue
[u'RangeOven'],,,3,2016-08-19 00:00:00,"Located in one of Malibu's most desirable beachside neighborhoods, Malibu Park, this modern single-story home is styled with tranquil, Zen elements throughout. Close proximity to Zuma Beach, schools, ",16154966,CLAW,2288000,"[u'bedrooms', u'bathrooms']",6410 SURFSIDE WAY
"[u'Range Hood', u'RangeOven']",,,3,2016-08-22 00:00:00,"Stunning Contemporary in Beverly Glen. Centrally located near Bel Air, Beverly Hills, Westwood, and Century City. The home has been tastefully updated with top quality finishes. Features hardwood floo",16155592,CLAW,5700,"[u'bedrooms', u'bathrooms']",1100 N BEVERLY GLEN
"[u'Built-In BBQ', u'Built-Ins', u'Range Hood', u'RangeOven']",,,4,2016-08-22 00:00:00,"Gorgeous home with view of Calabasas golf course, Located in the sought after Las Virgenes School District. Nice and bright with an impressive entryway with skylights that opens into the living room o",16155556,CLAW,1719500,"[u'bedrooms', u'bathrooms']",24014 PARK CASINO
[u'RangeOven'],,,5,2016-08-22 00:00:00,"Just 35 miles outside of Los Angeles, Agua Dulce Winery is a breathtaking 90-acre property affording oenophiles the rarity of owning a countryside estate featuring a spacious 5-bedroom residence and t",16154748,CLAW,12800000,"[u'bedrooms', u'bathrooms']",9640 SIERRA HWY
[],,,3,2016-08-24 00:00:00,"Peace, calm and quiet in the hills of La Crescenta, this Traditional-Contemporary home offers what you've been waiting for. Within the last two years this three bedroom,/two bathroom home has been ext",316007976,ITECH,850000,"[u'bedrooms', u'bathrooms']",3138 Cloudcrest Road
[u'RangeOven'],,,3,2016-08-26 00:00:00,"AMAZING OPPORTUNITY IN VENICE! Charming beach cottage with 3 bedrooms and one bathroom in main house. Hardwood floors, light and bright, spacious bathroom and laundry inside. Legal back studio with st",16156574,CLAW,1450000,"[u'bedrooms', u'bathrooms']",1016 OAKWOOD AVE
"[u'Built-In BBQ', u'Built-Ins', u'Range Hood', u'Microwave', u'RangeOven', u'Cooktop - Gas', u'Double Oven']",,,7,2016-08-29 00:00:00,"Perched atop the coveted Huntington area of the Pacific Palisades, this oceanside manor is nothing short of presidential - a rare composition of remarkable stonework flush with ivy and backlit by the ",16157428,CLAW,20000000,"[u'bedrooms', u'bathrooms']",200 TOYOPA DR
[],,,4,2016-08-30 00:00:00,"Modern Ranch Beach Bungalow in Sycamore Park. Located in idyllic Sycamore Park, steps from Escondido Beach, this light, airy, open home features vaulted whitewashed ceilings, hardwood floors, elegant ",16154856,CLAW,10500,"[u'bedrooms', u'bathrooms']",6420 SYCAMORE MEADOWS DR
"[u'Built-In BBQ', u'Built-Ins', u'RangeOven']",,,5,2016-08-30 00:00:00,"68 yrs ago the owners picked this spot overlooking the now famous Billionaires' Beach in Malibu. This pastoral sanctuary, approx. 2.8 acres, has panoramic Ocean Views from Santa Monica's shoreline to ",16157850,CLAW,2995000,"[u'bedrooms', u'bathrooms']",22042 CARBON MESA RD
[],,,4,2016-08-31 00:00:00,"Modern Ranch Beach Bungalow in idyllic Sycamore Park. Just steps from Escondido Beach, this light, airy, open home features vaulted whitewashed ceilings, hardwood floors, elegant lines & sophisticated",16158240,CLAW,3169000,"[u'bedrooms', u'bathrooms']",6420 SYCAMORE MEADOWS DR
"[u'Microwave', u'RangeOven']",,,2,2016-09-02 00:00:00,"Prime Wilshire corridor location! Secure building with a 24 hr. doorman. Light and bright luxury unit, the best bargain on the Wilshire corridor. 2 bdrm/ 2 bath updated condo with plantation shutters ",16158874,CLAW,720000,"[u'bedrooms', u'bathrooms']",10747 WILSHIRE
[],,,5,2016-09-02 00:00:00,"The Prairie style architecture of this magnificent home, with its broad eaves, pergola covered porte-cochere and expansive front porch, welcome you home to the tree-shaded parkways and expansive lawns",316006757,ITECH,1898000,"[u'bedrooms', u'bathrooms']",764 Michigan Boulevard
"[u'Built-In BBQ', u'Built-Ins', u'Microwave', u'RangeOven']",,,8,2016-09-02 00:00:00,Shadow Mountain is an enclave of 46 wonderful estates that enjoy 24 hour live-gated security just minutes from all that Pacific Palisades has to offer. This spectacular property was conceived and cust,16157766,CLAW,10620000,"[u'bedrooms', u'bathrooms']",16242 SHADOW MOUNTAIN DR
"[u'Built-Ins', u'Range Hood', u'Microwave', u'RangeOven', u'Built-In Gas', u'Cooktop - Gas']",,,7,2016-09-06 00:00:00,"Located on one of Bel Air's most coveted streets, this superb property provides an escape from city life to a sanctuary of treetop vistas and glorious views of the Getty Museum and Catalina Island on ",16159656,CLAW,2400000,"[u'bedrooms', u'bathrooms']",11647 BELLAGIO RD
"[u'Built-Ins', u'Microwave']",,,3,2016-09-06 00:00:00,"Tropical Traditional on the Famed Mar Vista Wood Streets. A gated, grassy front yard welcomes you to 3 bed 2.5 bath home with a large office. Enjoy an updated kitchen with an oversized granite peninsu",16158556,CLAW,1299000,"[u'bedrooms', u'bathrooms']",3464 GREENWOOD AVE
"[u'Oven', u'RangeOven']",,,3,2016-09-06 00:00:00,"Located in the prestigious Linda Vista neighborhood of Pasadena, this adorable home welcomes you with a beautifully landscaped front yard and charming porch. Cozy living room with fireplace, wood beam",316007560,ITECH,1088000,"[u'bedrooms', u'bathrooms']",1406 Wellington Avenue
"[u'Free Standing Gas', u'Oven-Gas']",,,6,2016-09-06 00:00:00,House Re-Imagined! It is incredible what can be done for $50K. Come and see the transformation. Canopies of Oaks shelter this one-of-a-kind Rustic Craftsman residence that rests on the banks of Eaton ,316008372,ITECH,1790000,"[u'bedrooms', u'bathrooms']",2388 North Altadena Drive
"[u'Built-Ins', u'RangeOven']",,,5,2016-09-08 00:00:00,"New Construction in the heart of Brentwood. This ""East Coast Beach Cottage"" influenced 5 bedroom, 5 bath home has a flexible open floorplan and works well for daily living and entertaining. The formal",16159808,CLAW,3995000,"[u'bedrooms', u'bathrooms']",316 N SKYEWIAY RD
"[u'Built-In BBQ', u'Built-Ins', u'Range Hood', u'RangeOven']",,,5,2016-09-08 00:00:00,"Thoughtfully placed on an idyllic Brentwood cul-de-sac, this newly constructed California Modern was beautifully conceived by Marmol Radziner to blend effortlessly into the hillside topography by way ",16160314,CLAW,5498000,"[u'bedrooms', u'bathrooms']",868 LEONARD RD
[u'Built-In Gas'],,,3,2016-09-09 00:00:00,"Designed by noted Architect, Steven Hill, this stunning example of contemporary modernism is bound to impress you. Perched on an expansive ridge in Silverlake Heights, this 2,100 Sf contemporary home ",316008538,ITECH,1349000,"[u'bedrooms', u'bathrooms']",2329 Lake View Avenue
[],,,0,2016-09-09 00:00:00,"This upslope lot in the desirable La Costa area of Malibu is located less than a minute off of PCH and is in close proximity to shopping, schools, and Santa Monica. Enjoy panoramic ocean and whitewate",16161032,CLAW,450000,[],21425 Rambla Vista
"[u'Built-Ins', u'Range Hood', u'Microwave', u'RangeOven']",,,4,2016-09-09 00:00:00,"An architectural wonder designed by renowned architect David Kellen, a student of Frank Israel and colleague of Frank Gehry, this neo-modern ranch is perched atop the rolling hills of Pacific Palisade",16160058,CLAW,2895000,"[u'bedrooms', u'bathrooms']",545 CATALONIA AVE
[],,,4,2016-09-10 00:00:00,"4 bedroom + 3.5 bathrooms, 3162 sqft home with pool on a 12,219 sqft lot. Cul-de-sac location, convenient to Sunset Strip, Hollywood and West Hollywood. Spacious Modern Spanish home with city views an",16161068,CLAW,7900,"[u'bedrooms', u'bathrooms']",7931 ZEUS DR
"[u'Microwave', u'RangeOven']",,,6,2016-09-14 00:00:00,"Extraordinary view home located in the award-winning South Pasadena School district. Located minutes to Downtown LA, USC and Caltech. This home showcases stunning views of downtown, mountains & trees.",16161388,CLAW,2588000,"[u'bedrooms', u'bathrooms']",1900 PETERSON AVE
[u'RangeOven'],,,3,2016-09-14 00:00:00,"Unit #1 is ""Pending"". Just one ocean view townhouse remains available for sale! Coastal contemporary brand new construction- a true labor of love! Direct ocean views from this sleek architectural 3 be",16162540,CLAW,3488000,"[u'bedrooms', u'bathrooms']",1012 2ND ST
"[u'Range Hood', u'RangeOven']",,,3,2016-09-14 00:00:00,"Unit #1 is ""Pending"". Just one ocean view townhouse remains available for sale! Architecturally significant turn-of-the-century Victorian cottage meticulously restored and transformed into a modern ma",16162570,CLAW,2895000,"[u'bedrooms', u'bathrooms']",1012 2ND ST
"[u'Built-Ins', u'Range Hood', u'RangeOven']",,,5,2016-09-15 00:00:00,This impressive modern construction sets the standard in this highly desirable Westwood location. Ideally located in close proximity to the best of what the Westside has to offer. 5 bd 5.5 ba & an ope,16162304,CLAW,3248000,"[u'bedrooms', u'bathrooms']",10501 EASTBORNE AVE
"[u'Built-Ins', u'RangeOven']",,,1,2016-09-15 00:00:00,"Remodeled, spacious and light 1 bedroom and 1 bathroom condo in the coveted West Hollywood complex. Villa Las Brisas. Large open living room and dining area with private balcony. Remodeled eat-in-kitc",16162696,CLAW,499000,"[u'bedrooms', u'bathrooms']",1203 N SWEETZER AVE
"[u'Built-In BBQ', u'Microwave', u'RangeOven']",,,5,2016-09-15 00:00:00,"Classic Mediterranean Spanish home designed by J. Charles. Built in 1998 on a 50x152 lot with a guest room above garage. Perfect floor plan- appx 4600sqft with step down living rm, high beamed ceiling",16163034,CLAW,4695000,"[u'bedrooms', u'bathrooms']",215 21ST PL
"[u'Range Hood', u'Microwave', u'RangeOven', u'Oven']",,,4,2016-09-16 00:00:00,"Located on a peaceful cul-de-sac in the lovely equestrian community of Shadow Hills, this extensively updated modern ranch home is the perfect turnkey opportunity. Upon entering this home, you are gre",16161666,CLAW,969000,"[u'bedrooms', u'bathrooms']",10700 ARTRUDE ST
"[u'Built-Ins', u'Microwave', u'RangeOven']",,,3,2016-09-16 00:00:00,"Meticulously remodeled Carbon Beach jewel. This 3 bedroom, 2 bath home with gated entry and beautiful courtyard leads you to the best location on the beach! Relax and unwind in your private hot tub on",16163266,CLAW,10950000,"[u'bedrooms', u'bathrooms']",21844 PACIFIC COAST HWY
[],,,3,2016-09-19 00:00:00,"Charming hilltop home! Built in 1941, this 3 bedroom 2 bathroom traditional 2 level home has been meticulously maintained by the current owners for the past 25 years and is described as having good bo",316008853,ITECH,899000,"[u'bedrooms', u'bathrooms']",1990 Hilldale Drive
[],,,0,2016-09-20 00:00:00,"Located in the S Echo Park / Westlake neighborhood, this double lot offers the opportunity to raise 40 residential units over 2 levels of daylight subterranean, with access off both Colton and Douglas",16163996,CLAW,2599000,[],1363 COLTON ST
"[u'Built-In BBQ', u'Built-Ins', u'Range Hood', u'Microwave', u'RangeOven']",,,4,2016-09-21 00:00:00,"A harmonious union between architecture and nature, this Spanish Villa is set on a half-acre of beautiful land in the desirable Palisades. Originally built in 1923, the home remains true to its Spanis",16164412,CLAW,6495000,"[u'bedrooms', u'bathrooms']",1310 NAPOLI DR
"[u'Built-In BBQ', u'Built-Ins', u'Microwave', u'RangeOven']",,,5,2016-09-21 00:00:00,"Oceanfront vistas await at The Spanish Estate, an incomparable residential retreat perched on a private bluff top in Malibu's exclusive Marisol community. Masterfully designed by award-winning archite",16164100,CLAW,16550000,"[u'bedrooms', u'bathrooms']",11768 ELLICE ST
"[u'Microwave', u'RangeOven']",,,0,2016-09-22 00:00:00,NOW OFFERING MOVE IN SPECIALS! This is the last TOP FLOOR CORNER unit! Welcome to The Lofts On La Brea. The newest luxury community. This large studio is perfect for the entertainer that wants the hig,16164760,CLAW,3075,[u'bathrooms'],1616 N LA BREA AVE
"[u'Range Hood', u'RangeOven']",,,2,2016-09-22 00:00:00,"Fantastic location! Flexible lease terms- Landlord will consider short, or long term. Just 2 blocks to Montana Avenue shops, cafes and restaurants! Franklin School District! Updated townhouse with 2bd",16164788,CLAW,6475,"[u'bedrooms', u'bathrooms']",928 19TH ST
"[u'RangeOven', u'Microwave', u'Oven']",,,2,2016-09-22 00:00:00,Welcome to WEHO! West Hollywood HARD TO FIND pet friendly 2bd/1bath + bungalow. This very bright and charming bungalow is the main house of a detached duplex. Enjoy the serine front yard with privacy ,16163826,CLAW,3500,"[u'bedrooms', u'bathrooms']",1301 SEWARD ST
"[u'Range Hood', u'RangeOven']",,,3,2016-09-22 00:00:00,Charming 1920s farmhouse on the border of Mar Vista and Venice. This home was originally built in 1925 in La Canada and was moved to the current address in the 1960s. It exudes a vintage ranch-style c,16165062,CLAW,1235000,"[u'bedrooms', u'bathrooms']",2445 WALGROVE AVE
"[u'Free Standing Gas', u'Microwave', u'Range Hood']",,,3,2016-09-25 00:00:00,"Architectural excellence and modern finishes combine seamlessly in this luxurious single level rear unit. Built in 2007, the complex boasts idyllic qualities like lush foliage and curved paver-lined p",316009006,ITECH,728000,"[u'bedrooms', u'bathrooms']",2454 Oswego Street #201
[],,,0,2016-09-26 00:00:00,Smashing ocean views from 91 acres in the beautiful Santa Monica Mountains overlooking Malibu and Point Dume. This offering consists of seven contiguous ocean view lots only 2 1/2 miles from Pacific C,16165528,CLAW,3250000,[],0 Ramera Mountainway
[],,,0,2016-09-26 00:00:00,"Amazing land offering of almost six acres within 1/2 mile of Pacific Coast Highway. Surrounded by multi-million dollar homes, the property is one of the few left that are able to accommodate multiple ",16165532,CLAW,2500000,[],6041 KANAN DUME RD
"[u'Microwave', u'RangeOven']",,,0,2016-09-26 00:00:00,NOW OFFERING MOVE IN SPECIALS! THE BUILDING IS ALMOST SOLD OUT! Welcome to The Lofts On La Brea. The newest luxury community. This large top-floor studio is perfect for the entertainer that wants the ,16165994,CLAW,2550,[u'bathrooms'],1616 N LA BREA AVE
"[u'Built-In BBQ', u'Convection Oven', u'Cooktop - Gas', u'Double Oven', u'Microwave']",,,4,2016-09-26 00:00:00,"This timeless contemporary Craftsman residence in La Canada, built by C.H. Anderson, was once a grove of deodar pines, transformed into a property fit for entertaining and movement. Renowned architect",316009078,ITECH,3695000,"[u'bedrooms', u'bathrooms']",2011 Hall Canyon Drive
"[u'Microwave', u'RangeOven']",,,3,2016-09-27 00:00:00,Beautifully appointed single level condo in a newer Mediterranean courtyard building. A great open floor plan with 3 bedrooms/2.5 bathrooms and filled with natural sunlight. The chef's kitchen has che,16166222,CLAW,4350,"[u'bedrooms', u'bathrooms']",1522 AMHERST AVE
[u'Built-In Gas'],,,3,2016-09-28 00:00:00,"Beautiful remodeled single family residence at the end of a cul-de-sac. The stunning large kitchen is truly a show stopper with dark custom cabinets including a wine rack, stone counter tops, recessed",316009157,ITECH,575000,"[u'bedrooms', u'bathrooms']",247 Crystal Lane
[u'Free Standing Gas'],,,2,2016-09-28 00:00:00,"Charming townhouse style condo. Spacious, beautifully maintained light filled two bedroom two bath unit with hardwood floors, fireplace, two balconies, in unit washer/dryer and private two car garage.",316008990,ITECH,2400,"[u'bedrooms', u'bathrooms']",1124 East Chestnut Street #39
[],,,1,2016-09-29 13:35:23,"Situated in the vibrant downtown LA South Park area is this live/work light-filled one bedroom gem. It features open floor plan, modern built-in appliances, European cabinets, enclosed bedroom, ample ",316009232,ITECH,2650,"[u'bedrooms', u'bathrooms']",901 South Flower Street #506
[u'RangeOven'],,,3,2016-10-03 00:00:00,"Rare opportunity to purchase this wonderful 3 bed, 2 bath penthouse in a high demand Santa Monica area. Near shops, restaurants, Santa Monica Pier, Promenade, Santa Monica stairs and the beach; this h",16167460,CLAW,1498000,"[u'bedrooms', u'bathrooms']",429 MONTANA AVE
"[u'Cooktop - Gas', u'Microwave', u'Oven']",,,3,2016-10-03 00:00:00,"Welcome to 4842 Alminar Ave., considered a prime location for many in La Canada! Alminar is a quaint tree lined street not far from schools, shopping and restaurants. This cozy and charming 3 bedroom,",316009342,ITECH,1339000,"[u'bedrooms', u'bathrooms']",4842 Alminar Avenue
[],,,4,2016-10-03 00:00:00,"Beautiful turn-key traditional in La Canada Flintridge. Fantastic floor plan for entertaining with great indoor-outdoor flow. Large living room/ dining room, cooks kitchen and breakfast nook open to t",316009368,ITECH,1195000,"[u'bedrooms', u'bathrooms']",4113 Lanterman Lane
[u'Built-In BBQ'],,,3,2016-10-03 00:00:00,"Located in Northwest Glendale, above Bel Aire Drive, this stylishly remodeled home is sure to delight the most discerning buyer! The gorgeous chef's kitchen is straight out of Restoration Hardware and",16164958,CLAW,888000,"[u'bedrooms', u'bathrooms']",1425 SYCAMORE AVE
"[u'Range Hood', u'Microwave', u'RangeOven']",,,4,2016-10-03 00:00:00,"Mid-Century modern with gorgeous canyon views. This 2,835 sqft home has 4 bed, 3 baths and is bright and spacious throughout with plenty of room for entertaining. The living room with fireplace has la",16167440,CLAW,1998000,"[u'bedrooms', u'bathrooms']",901 TEAKWOOD RD
[],,,3,2016-10-04 00:00:00,"Charming traditional home on a nice tree lined street in Sunland. Built in 1953, this 3 bedroom 2 bathroom home has been well maintained and has many recent upgrades including wide plank hardwood floo",316009344,ITECH,549000,"[u'bedrooms', u'bathrooms']",8258 Owens Street
[u'RangeOven'],,,3,2016-10-04 00:00:00,"A decorator perfect home in Torrance Gardens awaits: enter this 1,611 sq. ft. gem from a welcoming brick front porch, step into the inviting living room with beautiful wood floors, and take your time ",SB16712658MR,CRMLS,779000,"[u'bedrooms', u'bathrooms']",1110 Felbar Avenue
"[u'Built-Ins', u'Range Hood', u'Microwave', u'RangeOven']",,,2,2016-10-04 00:00:00,"Live at ""The Century"" and experience the finest in estate-style living with five-star amenities. The prestigious full-service 42-story high rise was designed by Robert A.M. Stern and features all the ",16168406,CLAW,18500,"[u'bedrooms', u'bathrooms']",1 W CENTURY DR
"[u'Built-Ins', u'Range Hood', u'Microwave', u'RangeOven']",,,2,2016-10-04 00:00:00,"Live at ""The Century"" and experience the finest in estate-style living with five-star amenities. The prestigious full-service 42-story high rise was designed by Robert A.M. Stern and features all the ",16168294,CLAW,3849000,"[u'bedrooms', u'bathrooms']",1 W CENTURY DR
"[u'Microwave', u'RangeOven']",,,4,2016-10-04 00:00:00,Welcome to this wonderful small gated community in the heart of Tarzana. Drive up and you are greeted with a stamped driveway and rose bush lined path leading to a beautiful newer 4 bedroom property. ,16165260,CLAW,865000,"[u'bedrooms', u'bathrooms']",18913 ADOLFO AVE
"[u'Microwave', u'RangeOven']",,,2,2016-10-05 00:00:00,"Welcome to 2041 N Commonwealth. Be the the first to live in this Top-floor Corner unit since the full remodel including new floors, fresh paint, new counter tops and new appliances. A large master wit",16168832,CLAW,3095,"[u'bedrooms', u'bathrooms']",2041 N COMMONWEALTH AVE
"[u'Built-Ins', u'Range Hood', u'RangeOven']",,,6,2016-10-06 00:00:00,"Architectural oasis located on a quiet corner lot North of Montana- just moments from restaurants & the beach. Steel, wood & glass set the stage for serene living tucked behind privacy walls & hedges.",16169172,CLAW,6595000,"[u'bedrooms', u'bathrooms']",920 Alta AVE
"[u'Built-Ins', u'Range Hood', u'RangeOven']",,,5,2016-10-06 00:00:00,Come embrace a skillful blend of elements that gives this romantic Mediterranean energy and joy. Tour the thoughtful floorpan that will impress. Many incredible features & fine details make it unique.,16169094,CLAW,2249000,"[u'bedrooms', u'bathrooms']",2765 CASIANO RD
"[u'Range Hood', u'Microwave', u'RangeOven']",,,3,2016-10-06 00:00:00,Live above the city of lights in the peaceful and desirable Crestwood Hills area of Brentwood. This 3 bed/4 bath architectural home with wonderful canyon and ocean views boasts an open floor plan and ,16169036,CLAW,1799000,"[u'bedrooms', u'bathrooms']",1101 N KENTER AVE
"[u'Built-Ins', u'Range Hood', u'Microwave', u'RangeOven']",,,4,2016-10-06 00:00:00,"Perfectly situated on the most sought-after block of Adelaide Drive, this luxury four-level Santa Monica canyon home offers an idyllic lifestyle inclusive of breathtaking ocean & canyon views. Nestled",16168744,CLAW,6895000,"[u'bedrooms', u'bathrooms']",323 ADELAIDE DR
"[u'Built-In BBQ', u'Built-Ins', u'Microwave', u'RangeOven', u'Gas', u'Oven']",,,5,2016-10-07 00:00:00,"Designed by renowned architect Walter Scott Perry in the classic modern Bauhaus tradition, this newly remodeled, 5 bedroom & 6 bathroom contemporary home is sited on a serene, half-acre knoll in Bel A",16169260,CLAW,8499000,"[u'bedrooms', u'bathrooms']",1116 LINDA FLORA DR
"[u'Cooktop - Gas', u'Double Oven', u'Gas Grill', u'Range Hood']",,,4,2016-10-07 00:00:00,"This stunning 1926 Spanish estate sits on nearly 24,000 square feet of flat land and features a detached 1-BR/1-BA GUEST HOUSE. This house combines original character details with a fantastic floor pl",316009356,ITECH,2195000,"[u'bedrooms', u'bathrooms']",4762 La Canada Boulevard
[],,,2,2016-10-07 00:00:00,"Enchanting 1928 Spanish Bungalow high atop Mt. Washington. Perched above street level on a street-to-street lot, this graceful home has been lovingly preserved and is filled with original detail. Feat",16167196,CLAW,599000,"[u'bedrooms', u'bathrooms']",483 CRANE
[],,,2,2016-10-07 00:00:00,"A dog-leg left from the first fairway of the Oakmont Country Club is where you will find this hidden, quaint street with friendly neighbors. This single-story, mid Century home has clean lines that ar",316009501,ITECH,799000,"[u'bedrooms', u'bathrooms']",1436 Valane Drive
[u'Built-Ins'],,,2,2016-10-08 00:00:00,"Located in the heart of Brentwood, minutes from some of the best restaurants, boutiques and farmers markets in Los Angeles, this stylish condo beckons you home. Enjoy a thoughtfully-designed open floo",16169676,CLAW,875000,"[u'bedrooms', u'bathrooms']",750 S BUNDY DR
"[u'Range Hood', u'RangeOven']",,,2,2016-10-10 00:00:00,"Westside charmer. Coved ceilings, archways, wood floors, fireplace in a step-down living room. This home has been well maintained and upgraded with central heat and A/C, copper plumbing, CA cellar wit",16168984,CLAW,799000,"[u'bedrooms', u'bathrooms']",2601 PURDUE AVE
[],,,3,2016-10-12 00:00:00,"This 1957 ranch home is located on a quiet cul-de-sac near Paradise Canyon Elementary School and hiking trails. The home offers a large living/great room with high ceilings, fireplace, built-in cabine",316009646,ITECH,1195000,"[u'bedrooms', u'bathrooms']",526 Venado Vista Drive
"[u'Built-In BBQ', u'Range Hood', u'Microwave', u'RangeOven']",,,5,2016-10-12 00:00:00,"This rare single story contemporary is a WOW! In the ""Coastal Modern"" style of its celebrity designer Tim Clarke, interiors include Balinese ceilings, floor to ceiling windows/doors, and a seamless in",16170438,CLAW,5995000,"[u'bedrooms', u'bathrooms']",1125 NAPOLI DR
[u'RangeOven'],,,2,2016-10-12 00:00:00,"A spacious expertly designed condominium located on Main Street in Venice. Located in close proximity to Whole Foods, Rose Ave, and Venice Beach. This two bedroom two bath recently updated condo boast",16170802,CLAW,999000,"[u'bedrooms', u'bathrooms']",235 MAIN ST
"[u'Built-Ins', u'Range Hood', u'Microwave', u'RangeOven']",,,2,2016-10-13 00:00:00,"ATTENTION INVESTORS looking for an updated easy to manage condo with low dues! Tenant in place until NOV 1st 2017 at $3,300 per month. Can be shown with 48hrs notice. Just 12 blocks from the sand? At ",16170084,CLAW,779000,"[u'bedrooms', u'bathrooms']",1508 12TH ST
"[u'Microwave', u'RangeOven']",,,4,2016-10-13 00:00:00,Welcome to this Mar Vista/ Westdale Trousdale charmer on a wonderful tree lined street centrally located to everything the neighborhood has to offer.This pristine home offers 4 spacious Bedrooms (2 en,16170260,CLAW,1589000,"[u'bedrooms', u'bathrooms']",3181 FEDERAL AVE
[],,,0,2016-10-13 00:00:00,"An hour outside of Los Angles with country and ocean views of Ojai sits Flying D Ranch. The ultimate ranch - surrounded by a seasonal creek and expansive terrain. Consisting of 1,281 acres and 7 parce",16170236,CLAW,20000000,[],2317 Dickenson Road
"[u'Built-Ins', u'Convection Oven', u'Cooktop - Gas', u'Microwave', u'Oven']",,,3,2016-10-14 00:00:00,"Price Reduction! Beautiful 1926 Character Spanish! Located on a peaceful street, this lovely Spanish Colonial is immaculate. Living Room Offers Gleaming Tongue and Groove Hardwood floors and the state",316009693,ITECH,1126000,"[u'bedrooms', u'bathrooms']",1320 Loreto Drive
[],,,3,2016-10-15 16:59:01,Charming 3 BR/ 3 BA home FOR LEASE in the award-winning La Canada Unified School district. The updated kitchen features granite counters and opens to the family room and dining area. Spacious Master B,316009737,ITECH,4000,"[u'bedrooms', u'bathrooms']",4439 Alta Canyada Road
"[u'Built-In BBQ', u'RangeOven']",,,5,2016-10-17 00:00:00,"Welcome home to this beautiful Contemporary Traditional in the exclusive guard gated community of the Palisades Country Estates. This great family home, at the end of a cul-de-sac, offers 5 spacious e",16170720,CLAW,3895000,"[u'bedrooms', u'bathrooms']",17795 CALLE DE PALERMO
[],,,2,2016-10-17 00:00:00,"Melrose Village Spanish Bungalow Heavy Fixer/Tear-down. Property to be sold in AS-IS condition with no repairs, credits, or warranties. Located in prime 90036 neighborhood moments from The Grove, Melr",16171978,CLAW,825000,"[u'bedrooms', u'bathrooms']",7462 CLINTON ST
"[u'Built-In BBQ', u'Built-Ins', u'Range Hood', u'Microwave', u'RangeOven', u'Built-In Gas', u'Cooktop - Gas']",,,5,2016-10-17 00:00:00,"Located in the heart of Royal Oaks of Encino, sits a newly remodeled contemporary California craftsmanship 5BD/5.5 BA. This Cape Cod-inspired interior has rich French Oak floors throughout, generous l",16171376,CLAW,3499000,"[u'bedrooms', u'bathrooms']",15630 WOODVALE RD
"[u'Gas', u'Oven-Gas']",,,2,2016-10-17 00:00:00,"Just One and half blocks (5 minute walk) from the Metro Gold Line, this heavily-treed urban oasis is conveniently located near restaurants, shopping, art galleries, Old Pasadena, Paseo, South Lake Ave",316009746,ITECH,599000,"[u'bedrooms', u'bathrooms']",330 Cordova Street #312
"[u'Gas/Electric Range', u'Oven']",,,3,2016-10-18 00:00:00,"Beautiful property in desirable La Canada/Flintridge. Charming traditional one story house in a beautiful neighborhood, kitchen with breakfast room and convenient and spacious family room, Banquet siz",316009802,ITECH,1450000,"[u'bedrooms', u'bathrooms']",5715 Summit Crest Drive
[u'RangeOven'],,,0,2016-10-19 00:00:00,"Chic studio located on a wonderful tree-lined street in the heart of Pasadena. Well situated in the sophisticated Oakland Towers, this unit features a double door entry, large picture windows with vie",316009753,ITECH,355000,[u'bathrooms'],385 South Oakland Avenue #105
[u'Built-Ins'],,,3,2016-10-19 00:00:00,"Eco Chic Living in the heart of Venice! 2,400sq feet single family house on three levels built in 2008. 3 bedrooms, 3.5 baths.Lofty architectural living w volume, light & space. High ceilings, multipl",16173026,CLAW,9250,"[u'bedrooms', u'bathrooms']",2307 OAKWOOD AVE
"[u'Microwave', u'RangeOven']",,,1,2016-10-19 00:00:00,"Extensively Remodeled Units for Lease in prime and hip WEHO! Modern designer finishes include French Oak laminate flooring throughout, kitchen with stainless steel appliances, caesartone counters and ",16172792,CLAW,3750,"[u'bedrooms', u'bathrooms']",610 N Orlando AVE
"[u'Microwave', u'RangeOven']",,,2,2016-10-19 00:00:00,"Extensively Remodeled Units for Lease in prime and hip WEHO! Modern designer finishes include French Oak laminate flooring throughout, a kitchen with stainless steel appliances, caesartone counters an",16172880,CLAW,3750,"[u'bedrooms', u'bathrooms']",610 N Orlando AVE
[],,,4,2016-10-19 21:51:45,"Charming home located on a tree lined street. Great curb appeal, mature trees, backyard porch, hardwood floors, living room with a fireplace, nicely remodeled bathrooms, and kitchen, lots of closet sp",316009844,ITECH,3500,"[u'bedrooms', u'bathrooms']",277 Atchison Street
[],,,3,2016-10-20 00:00:00,"Situated at the end of a quiet canyon lane, this stunning contemporary home offers a tranquil, serene setting. Soaring ceilings, expansive windows, and skylights create tremendous natural light throug",16173052,CLAW,1495000,"[u'bedrooms', u'bathrooms']",10267 LELIA LN
"[u'Built-In BBQ', u'Built-Ins']",,,6,2016-10-20 00:00:00,This magnificent Tuscan home with stunning ocean views sits on over an acre of beautiful landscaped grounds. The property is located in the highly desirable neighborhood of Point Dume with beach keys ,16173342,CLAW,35000,"[u'bedrooms', u'bathrooms']",6766 PORTSHEAD RD
[u'RangeOven'],,,3,2016-10-20 00:00:00,This picturesque mid-century ranch style home on a large quiet lot in coveted Royal Woods is the home you have been waiting for! Open and flowing public areas separated from the private bedroom wing m,16173190,CLAW,1295000,"[u'bedrooms', u'bathrooms']",3632 VALLEY MEADOW RD
"[u'Built-Ins', u'Range Hood', u'RangeOven']",,,5,2016-10-20 00:00:00,"As part of Santa Monica's historically exclusive Gold Coast, where Hollywood's elite first converged to claim a beachfront oasis to call their own, this John Byers-designed Spanish Colonial Revival el",16173212,CLAW,9250000,"[u'bedrooms', u'bathrooms']",1024 PALISADES BEACH RD
"[u'Built-In BBQ', u'Built-Ins', u'Range Hood', u'Microwave', u'RangeOven']",,,3,2016-10-20 00:00:00,"Stunning beach front property! This remodeled home nestled in the Encinal Bluffs, sits right above the sand on a quiet beach cove. This quintessential Tuscan home features authentic finishes of reclai",16173320,CLAW,35000,"[u'bedrooms', u'bathrooms']",32506 PACIFIC COAST HWY
"[u'Built-Ins', u'RangeOven']",,,2,2016-10-21 00:00:00,"Romantic Spanish Hacienda hidden behind a tall privacy hedge. A true retreat full of old-world charm. 2 bedrooms, 2.5 baths plus a converted garage with office, den and ~ bath. Filled with natural lig",16173754,CLAW,2049000,"[u'bedrooms', u'bathrooms']",1023 S BUNDY DR
"[u'Built-In BBQ', u'Built-Ins', u'Microwave', u'RangeOven']",,,3,2016-10-21 00:00:00,Tucked away on a serene street North of Sunset in one of the most sought after areas of Brentwood is 450 N. Skyewiay. This immaculate and ample traditional home has been meticulously maintained and ri,16173746,CLAW,2894000,"[u'bedrooms', u'bathrooms']",450 N SKYEWIAY RD
[],,,2,2016-10-21 00:00:00,1940's Traditional in desirable NE Monrovia neighborhood within Gold Ribbon School boundry. This 2 bedroom 1 bath home features an open concept living room dining room w/hardwood floors and playroom t,316009913,ITECH,598000,"[u'bedrooms', u'bathrooms']",705 East Palm Avenue
[u'RangeOven'],,,3,2016-10-21 00:00:00,"Gorgeous 3 Bedroom, 3 Bathroom Traditional home exquisitely remodeled! Great flow for entertaining with formal dining & living area, hardwood floors, beautiful moldings, two fireplaces, top of the lin",16172958,CLAW,2595000,"[u'bedrooms', u'bathrooms']",11158 OPHIR DR
[u'RangeOven'],,,2,2016-10-21 00:00:00,"Adorable renovated Country English cottage with hardwood floors, two bedrooms, two renovated baths and tons of natural light. Master suite with renovated spa bath with vaulted ceilings and skylight. U",16173736,CLAW,3995,"[u'bedrooms', u'bathrooms']",525 N N. CRESCENT HEIGHTS
[],,,4,2016-10-24 00:00:00,Step into this beautifully designed home located at the end of a cul-de-sac nestled in the hills of Malibu. This peaceful and private oasis is tucked behind a walled courtyard entry and gated driveway,16174228,CLAW,1995000,"[u'bedrooms', u'bathrooms']",1712 MANZANITA PARK AVE
"[u'Built-Ins', u'Microwave', u'RangeOven']",,,2,2016-10-24 00:00:00,"You immediately feel at home when you step into this luxurious 2 bedrooms and 2.5 bath condominium with an open floor plan and designer finishes. The living quarters features bamboo floors, crown mold",16173864,CLAW,1195000,"[u'bedrooms', u'bathrooms']",11863 DARLINGTON AVE
"[u'Built-In BBQ', u'Built-Ins', u'RangeOven']",,,5,2016-10-24 00:00:00,"A magnificent new gated home beautifully situated on a large lot (over 13,000 feet) at the intersection of Bel-Air and Westwood. Convenient and easy access to Westwood Village, Beverly Hills, Brentwoo",16172810,CLAW,4495000,"[u'bedrooms', u'bathrooms']",11166 W SUNSET
"[u'Built-In BBQ', u'Gas', u'Oven-Gas']",,,3,2016-10-25 00:00:00,"Welcome Home! This beautiful home offers 3 bedrooms, 2 baths with 2004 sq ft of living space. Enjoy gathering in your living room by one of the fireplaces that is connected to the spacious dining area",316010002,ITECH,899000,"[u'bedrooms', u'bathrooms']",2331 North Orchard Drive
"[u'Built-Ins', u'Range Hood', u'RangeOven']",,,5,2016-10-25 00:00:00,"Truly a rare opportunity in Brentwood Park, minutes to the Country Mart, this charming Traditional has great scale and flow -- both indoors and out -- and is ideally suited for gracious living and ent",16174500,CLAW,7350000,"[u'bedrooms', u'bathrooms']",245 S BURLINGAME AVE
"[u'Microwave', u'RangeOven']",,,3,2016-10-25 00:00:00,"Panoramic ocean views from this stunning, modern architectural home designed to perfection! Gorgeous open floor plan with high ceilings and skylights. The grand living room features walls of glass wit",16174714,CLAW,16000,"[u'bedrooms', u'bathrooms']",18326 CLIFFTOP WAY
[],,,3,2016-10-26 00:00:00,"Nestled in the scenic foothills of the San Gabriel Mountains, this beautifully maintained mid-century ranch is a composition of large, light-filled spacesa generous canvas to make your own. The 9,520-",316010040,ITECH,899000,"[u'bedrooms', u'bathrooms']",1710 East Mendocino Street
[u'RangeOven'],,,3,2016-10-26 00:00:00,"Spectacular 3 bed/3 bath + loft townhome located in the heart of Silicon Beach, Just one block from Main Street, and three blocks from the beach! This FAIA Award winning Michael Folonis creation has a",16174642,CLAW,2079000,"[u'bedrooms', u'bathrooms']",235 OCEAN PARK
"[u'Built-Ins', u'Range Hood', u'RangeOven']",,,5,2016-10-27 00:00:00,"Elegantly situated in the heart of Beverly Hills sits this 2 story Mediterranean home w/ architectural details, 5 bdrms, 6 ~ bas & an inviting GH w/ add'l bedrm & bath. Enter thru the dramatic 2 story",16174878,CLAW,7995000,"[u'bedrooms', u'bathrooms']",701 N ALPINE DR
[],,,4,2016-10-27 12:33:34,"This sensational 1927 Spanish Colonial, revived to perfection, stands proudest among the other notable properties in this most coveted location of Rossmoyne Historic District. Rossmoyne is one of Glen",316010077,ITECH,1895000,"[u'bedrooms', u'bathrooms']",1121 Hillcroft Road
[],,,4,2016-10-28 00:00:00,"Nothing defines Southern California real estate like the understated elegance of a two-story Spanish Revival home. Located in the prestigious Cal Tech area of Pasadena, with San Marino just a block aw",316010117,ITECH,1699000,"[u'bedrooms', u'bathrooms']",370 South Berkeley Avenue
"[u'Built-Ins', u'Microwave', u'RangeOven']",,,3,2016-10-28 00:00:00,"Charming original Spanish style 3 bedroom + 1.75 bath single level home. Approximately 2,266 sq ft on a 50~150 lot with pool and converted garage. Tons of natural light, hardwood floors and original d",16175808,CLAW,3195000,"[u'bedrooms', u'bathrooms']",609 11TH ST
"[u'Range Hood', u'RangeOven']",,,2,2016-10-29 00:00:00,"Elegant contemporary two bedroom condo at the much sought after Metro in Playa Vista. Located on the 3rd floor, this unit has been impeccably maintained and was recently upgraded. Step into the formal",16175522,CLAW,799000,"[u'bedrooms', u'bathrooms']",5625 W CRESCENT PARK
[u'RangeOven'],,,4,2016-10-29 00:00:00,"If you love the magnificence of a great view, this is one of best. King of the Hill panoramic views of Los Angeles and the the mountains beyond. Dramatic architectural home by Escher Gunewardena, loca",16167486,CLAW,7750,"[u'bedrooms', u'bathrooms']",3292 INGLEWOOD
[],,,4,2016-10-31 00:00:00,"San Marino Schools! Located in a quiet cul de sac, this traditional single story ranch home has 4 bedrooms and 3.5 bath including permitted guest house ( approx.545 sqft) in San Marino school district",316010184,ITECH,3950,"[u'bedrooms', u'bathrooms']",3263 Orlando Road
"[u'Microwave', u'RangeOven']",,,2,2016-10-31 00:00:00,"Beautifully renovated character Spanish Bungalow in amazing Melrose Village (90036) location. Living room w/ barreled ceilings, formal dining room, newer hardwood floors, wood burning fireplace, newer",16175946,CLAW,899000,"[u'bedrooms', u'bathrooms']",7463 ROSEWOOD AVE
"[u'Built-In Gas', u'Double Oven', u'Range Hood']",,,3,2016-11-01 00:00:00,"This modern contemporary home resides on a corner lot in the upscale Langham Area of Pasadena, a neighborhood characterized by rolling, oak-covered terrain on the base of the picturesque San Gabriel M",316010138,ITECH,1998000,"[u'bedrooms', u'bathrooms']",929 Old Mill Road
"[u'Microwave', u'RangeOven']",,,2,2016-11-01 00:00:00,"Extensively Remodeled Units for Lease in prime and hip WeHo! Modern designer finishes include French Oak laminate wood flooring throughout, a kitchen complete with stainless steel appliances, Caesarst",16176498,CLAW,3550,"[u'bedrooms', u'bathrooms']",610 N Orlando AVE
[],,,2,2016-11-02 00:00:00,"Come discover an enchanting brick cottage in the heart of Highland Park. Once you step under the bougainvillea onto the flagstone porch, you'll be smitten. 4746 Toland Way was designed by LA architect",16174184,CLAW,768000,"[u'bedrooms', u'bathrooms']",4746 TOLAND WAY
[u'Free Standing Gas'],,,3,2016-11-02 00:00:00,"Light-filled 3 bedroom, 2 bath Townhome that feels like a single family residence in great Rose Court neighborhood. This Craftsman style home features beautifully redone hardwood floors in the main li",316009971,ITECH,3000,"[u'bedrooms', u'bathrooms']",1143 Crowne Drive
"[u'Free Standing Gas', u'Oven-Gas']",,,4,2016-11-02 11:55:26,"Located in the desirable city of San Marino, near the prestigious Huntington Library, perched up and set back from the street, is this 4 bedrooms 4 baths whimsical traditional. It has been extensively",316010241,ITECH,2485000,"[u'bedrooms', u'bathrooms']",555 Sierra Madre Boulevard
"[u'Built-Ins', u'Range Hood', u'RangeOven']",,,6,2016-11-03 00:00:00,"A grand union of modern craftsmanship and traditional architecture, this magnificent Cape Cod was conceived by EMMA, the developers responsible for the redesign of Santa Barbara Airport's historic ter",16172836,CLAW,5985000,"[u'bedrooms', u'bathrooms']",1102 GALLOWAY ST
[],,,0,2016-11-03 00:00:00,Great Opportunity! Buyer needs to check with City of Glendale and LA County Flood Control for possible specific uses of this property. Plans drawn in 2005 are available for viewing.,316010267,ITECH,150000,[],0 Roselawn
[u'RangeOven'],,,3,2016-11-03 00:00:00,"Spacious two story, top floor condo with 3 bedrooms and 3 bathrooms. Close proximity to the area's best bars and restaurants. Condo has vaulted ceilings, hardwood floors in living room, loft ideal for",16171784,CLAW,969000,"[u'bedrooms', u'bathrooms']",1227 GRANVILLE AVE
"[u'Built-In BBQ', u'Built-Ins', u'Range Hood', u'RangeOven']",,,2,2016-11-03 00:00:00,"Sensational home in the coveted Vets Park neighborhood. A true move-in ready, opportunity. Meticulously maintained. Features include, oak flooring, large master suite, bright kitchen with breakfast no",16177368,CLAW,1285000,"[u'bedrooms', u'bathrooms']",11017 WAGNER ST
[u'Microwave'],,,3,2016-11-03 00:00:00,Impeccable home!!! Tons of upgrades!!! Remodeled kitchen with stainless steel appliances and granite counter tops. 2-car attached garage. Zoning is possible for backyard expansion. Lots of possibiliti,16177332,CLAW,650000,"[u'bedrooms', u'bathrooms']",3850 GLENALBYN DR
[u'Oven'],,,4,2016-11-03 00:00:00,"Beautiful Four Bedroom + Studio home. Located on a Corner Lot. Warm & inviting spacious living room filled w/ character touches such as peg & groove hardwood floors, wood beam ceiling and decorative f",16177116,CLAW,1368000,"[u'bedrooms', u'bathrooms']",11435 BIONA DR
"[u'Cooktop - Gas', u'Oven']",,,3,2016-11-03 07:20:11,"Fantastic three bedroom townhome located in Cal Ritz-Park complex across from Singer Park. Conveniently located close to Old Town, Rose Parade route, Huntington Hospital. This unit is bright and light",316010261,ITECH,608000,"[u'bedrooms', u'bathrooms']",265 West California Boulevard #8
"[u'Built-Ins', u'Microwave', u'RangeOven']",,,2,2016-11-04 00:00:00,"This two bedroom residence located in Downtown L.A.'s landmark Eastern Columbia Building has been completely reimagined by designer/architect Andrea Keller, drawing its design inspiration from Havana,",16177590,CLAW,1565000,"[u'bedrooms', u'bathrooms']",849 S BROADWAY
"[u'Built-Ins', u'Microwave', u'RangeOven']",,,1,2016-11-04 00:00:00,"From the unprecedented Penthouse Collection of actor, producer, musician and real estate investor Johnny Depp comes this two story, 1 bedroom/2 bath residence sitting atop the landmark Eastern Columbi",16177272,CLAW,1999000,"[u'bedrooms', u'bathrooms']",849 S BROADWAY
"[u'Built-Ins', u'Microwave', u'RangeOven']",,,2,2016-11-04 00:00:00,"From the unprecedented Penthouse Collection of actor, producer, musician and real estate investor Johnny Depp comes this two story, 2 bedroom/3 bath residence situated within Los Angeles's most archit",16177260,CLAW,2750000,"[u'bedrooms', u'bathrooms']",849 S BROADWAY
"[u'Built-Ins', u'Microwave', u'RangeOven']",,,2,2016-11-04 00:00:00,"From the unprecedented Penthouse Collection of actor, producer, musician and real estate investor Johnny Depp comes this two story, 2 bedroom/3 bath residence featuring 2,400 square feet of vibrantly-",16177234,CLAW,2649000,"[u'bedrooms', u'bathrooms']",849 S BROADWAY
[u'Built-In Gas'],,,3,2016-11-05 06:16:15,"Charming, updated (approx 4 years ago) Spanish-style single family framed by lovely landscaping. Truly move-in ready. Centrally located, close to shopping, with easy freeway access. The remodeled kitc",316010316,ITECH,540000,"[u'bedrooms', u'bathrooms']",766 Elmira Street
"[u'Built-In Gas', u'Cooktop - Gas', u'Microwave', u'Oven']",,,3,2016-11-07 00:00:00,"Set against the backdrop of the majestic San Gabriel Mountains, this beautiful single-level Spainsh home rests behind the gates of La Vina in Altadena. Enter through the lush courtyard to the front do",316010376,ITECH,5000,"[u'bedrooms', u'bathrooms']",560 Chaparral Court
[],,,3,2016-11-08 00:00:00,A prime flat ~1.5 acre lot w/ a unique use of modern finishes & innovative design by Vitus Matare. This private gated single story marvel is adorned w/ mature trees ranging from avocados to evergreens,16178498,CLAW,30000,"[u'bedrooms', u'bathrooms']",6237 BONSALL DR
[],,,5,2016-11-09 00:00:00,A dramatic backdrop of the San Gabriel Mountains and mature scenery frames the magnificent setting for this superb Mediterranean revival located in Altadena's premier estate area. Home to a celebrity ,316010451,ITECH,2175000,"[u'bedrooms', u'bathrooms']",2079 Skyview Drive
"[u'Built-Ins', u'Range Hood', u'RangeOven']",,,2,2016-11-09 00:00:00,"One of a kind 2 bedroom, 2 bath modern penthouse with loft plus ocean views. This New York style Penthouse has high ceilings, lots of natural light, and a sunken living room with fireplace! The open f",16178870,CLAW,6495,"[u'bedrooms', u'bathrooms']",255 MAIN ST
[u'RangeOven'],,,3,2016-11-10 00:00:00,"Wonderful traditional 3 bedrooms, 2 bathrooms home located in Altadena. Granite counter-tops in the kitchen and baths, newer cabinets throughout. Light and bright living room with fireplace, formal di",316010426,ITECH,650000,"[u'bedrooms', u'bathrooms']",391 West Harriet Street
"[u'RangeOven', u'Oven']",,,4,2016-11-10 00:00:00,"Don't miss this impressive 2,510sqft traditional located on a corner lot in Sunset Park. Perched up on top of the hill, this home has great views from the second level master suite. There are three ad",16179108,CLAW,1749000,"[u'bedrooms', u'bathrooms']",1760 WELLESLEY DR
[u'Built-Ins'],,,4,2016-11-10 00:00:00,"Located in a highly desirable Brentwood location, this delightful Traditional home is filled with charm and character. Flooded with natural light, this home boasts three en-suite bedrooms upstairs, in",16174844,CLAW,3295000,"[u'bedrooms', u'bathrooms']",11730 CHENAULT ST
[],,,0,2016-11-11 00:00:00,"Approved 8-Unit construction project in the NoHo Arts District. The Project is stamped ""Ready-to-Issue"" and ready to go. A stone's throw from everything that the North Hollywood Arts District has to o",16179532,CLAW,1100000,[],5340 DENNY AVE
[],,,4,2016-11-11 00:00:00,"Beautiful one owner home in prime Montecito Park location. This single story residence features 4 bedrooms, 2.5 baths. New wood flooring throughout most of the house. Spacious master suite with ample ",316010501,ITECH,1150000,"[u'bedrooms', u'bathrooms']",3301 Vickers Drive
"[u'Range Hood', u'RangeOven']",,,2,2016-11-11 00:00:00,"Come away to this enchanting cottage in an idyllic, creekside setting to escape the city hustle and relax. Verdant green lawns surround you as you stroll up the stone path to this two bedroom, two bat",16178020,CLAW,1188000,"[u'bedrooms', u'bathrooms']",1290 OAKWOOD DR
[],,,0,2016-11-11 00:00:00,"Bring your Developers! This property is perfect for a Small Lot Subdivision. Build 10 Units by Right. The site is made up of two full lots and a bit more for a total of over 16,000 square feet. With t",16179540,CLAW,1650000,[],5625 CASE AVE
"[u'Built-Ins', u'Microwave', u'RangeOven']",,,3,2016-11-11 00:00:00,"Rising tall over a rare stretch of soft sand in Marina Del Rey, this epic Lorcan O'Herlihy-designed two level penthouse offers nearly 800 square feet of outdoor terrace including a rooftop lounge evoc",16178844,CLAW,3695000,"[u'bedrooms', u'bathrooms']",1 EASTWIND ST
"[u'Built-Ins', u'Microwave', u'RangeOven', u'Oven']",,,2,2016-11-11 00:00:00,"Impeccably updated Spanish Modern in the heart of Venice Beach. A tall secluded hedge welcomes you to the grassy front yard and porch. A wide-open floor plan, live edge center island and large grassy ",16178966,CLAW,1795000,"[u'bedrooms', u'bathrooms']",942 VENEZIA AVE
"[u'Built-Ins', u'RangeOven', u'Built-In And Free Standing']",,,2,2016-11-11 00:00:00,"2+2 beautifully updated condo, located on the back of the complex and overlooking the park-like wooded area owned by the VA. This is a very idyllic and tranquil location that is convenient to everythi",16179426,CLAW,749000,"[u'bedrooms', u'bathrooms']",330 S BARRINGTON AVE
[u'Oven'],,,4,2016-11-13 00:00:00,Beautiful Hillcrest home for sale with 4 bedrooms (1 downstairs) and 3 baths. Upon entering you will be greeted with a beautiful living room with high ceilings along with dining area. Enjoy entertaini,316010528,ITECH,569900,"[u'bedrooms', u'bathrooms']",27815 Zion Court
"[u'Built-In BBQ', u'Built-Ins', u'Microwave', u'RangeOven']",,,3,2016-11-14 00:00:00,"Embodying the relaxed casual elegance and privacy of a European-style compound, this exquisitely designed contemporary home on a tree-lined Venice street is the realization of every coastal California",16179602,CLAW,3986000,"[u'bedrooms', u'bathrooms']",2919 GRAYSON AVE
[u'Built-In BBQ'],,,5,2016-11-14 00:00:00,"5042 Indianola Way is a one of a kind property, located on a desirable cul-de-sac in La Canada Flintridge, close to Paradise Canyon Elementary and town. This handsome single story traditional home fea",316010536,ITECH,2600000,"[u'bedrooms', u'bathrooms']",5042 Indianola Way
"[u'Range Hood', u'Microwave', u'RangeOven']",,,3,2016-11-16 00:00:00,This exquisite corner residence within Los Angeles' most distinguished pre-war building embraces the forgotten elegance of old-world European design while affording the modern comforts of present day ,16180182,CLAW,1875000,"[u'bedrooms', u'bathrooms']",308 N SYCAMORE AVE
[u'Built-In Gas'],,,4,2016-11-17 00:00:00,"Nestled on a breathtaking secluded lot in the esteemed Vista De Oro neighborhood, this completely re-imagined mid-century home marries pristine contemporary features with luxury amenities that wash aw",316010650,ITECH,1299000,"[u'bedrooms', u'bathrooms']",20280 Allentown Drive
"[u'RangeOven', u'Gas/Electric Range', u'Range Hood', u'Self Cleaning Oven']",,,3,2016-11-17 00:00:00,This 1913 Craftsman is situated in the highly sought after Bungalow Heaven district. The home evokes the soul of vintage craftsman with thoughtful upgrades for modern living.The living room has a fire,16180298,CLAW,1125000,"[u'bedrooms', u'bathrooms']",731 N CHESTER AVE
"[u'Built-In BBQ', u'Built-Ins', u'Range Hood', u'RangeOven']",,,4,2016-11-18 00:00:00,"Set to awe-inspiring ocean views and soaring sandstone mountain peaks, this striking home, built by world-renowned Architect Ed Niles, affords the rare opportunity to live within the majesty of nature",16181228,CLAW,7488000,"[u'bedrooms', u'bathrooms']",33583 MULHOLLAND HWY
"[u'Built-Ins', u'RangeOven']",,,2,2016-11-18 00:00:00,"Exquisitely renovated multilevel mid century town home 2 + 2.5 end unit with bonus office/nursery. Open floor plan. Spacious kitchen with stainless steel sink, oven and dishwasher. Cozy secluded patio",16181224,CLAW,839000,"[u'bedrooms', u'bathrooms']",4714 LA VILLA MARINA
"[u'Built-Ins', u'Microwave', u'Oven', u'RangeOven', u'Range Hood']",,,2,2016-11-18 00:00:00,Located in the prestigious and desirable Franciscan Woods. This tri-level townhouse is exceptional in every aspect. The newly built front deck is ideal for relaxing and entertaining with amazing views,316010634,ITECH,785000,"[u'bedrooms', u'bathrooms']",574 Garfield Avenue
[u'Built-In Gas'],,,4,2016-11-18 07:45:06,"ALARM IS ON.Two-story Victorian home with an inviting wraparound porch and lots of character throughout and many nice upgrades including copper plumbing, updated electrical and central air. Large livi",316010702,ITECH,1025000,"[u'bedrooms', u'bathrooms']",545 Westgate Street
